image_names,emergency_or_not
100.jpg,1
1000.jpg,1
1001.jpg,0
1004.jpg,0
1014.jpg,0
1017.jpg,1
1025.jpg,0
1027.jpg,0
1029.jpg,0
1033.jpg,0
1034.jpg,0
1037.jpg,0
1047.jpg,0
105.jpg,0
1050.jpg,1
1053.jpg,0
1054.jpg,0
1055.jpg,0
1061.jpg,0
1064.jpg,0
1068.jpg,0
1078.jpg,0
1080.jpg,1
1084.jpg,0
1085.jpg,1
1087.jpg,0
1089.jpg,1
109.jpg,0
1094.jpg,0
1100.jpg,0
1102.jpg,0
1103.jpg,1
1105.jpg,1
111.jpg,0
1110.jpg,0
1112.jpg,0
1121.jpg,1
1125.jpg,0
1127.jpg,1
1128.jpg,0
1131.jpg,0
1132.jpg,0
1137.jpg,1
1138.jpg,0
1143.jpg,0
1146.jpg,1
115.jpg,1
1151.jpg,1
1163.jpg,0
1170.jpg,0
1177.jpg,0
1178.jpg,1
1179.jpg,1
118.jpg,1
1187.jpg,1
1192.jpg,0
1195.jpg,0
1196.jpg,0
1198.jpg,1
1199.jpg,0
120.jpg,1
1204.jpg,0
1207.jpg,1
1208.jpg,1
121.jpg,1
1211.jpg,1
1216.jpg,0
1220.jpg,0
1222.jpg,0
1223.jpg,1
1229.jpg,1
1232.jpg,0
1237.jpg,1
124.jpg,0
1244.jpg,1
1247.jpg,1
1249.jpg,0
1255.jpg,1
1261.jpg,1
1263.jpg,1
1264.jpg,0
1266.jpg,0
1268.jpg,0
1269.jpg,1
1270.jpg,0
1271.jpg,0
1273.jpg,1
1278.jpg,1
1279.jpg,0
128.jpg,0
1281.jpg,0
1284.jpg,0
1287.jpg,0
1288.jpg,0
1292.jpg,1
1293.jpg,1
13.jpg,0
1301.jpg,0
1303.jpg,0
1310.jpg,0
1311.jpg,0
1313.jpg,1
1315.jpg,0
1316.jpg,0
1318.jpg,1
1320.jpg,1
1321.jpg,1
1330.jpg,1
1333.jpg,1
1334.jpg,0
1338.jpg,0
134.jpg,0
1340.jpg,0
1341.jpg,1
1344.jpg,1
1349.jpg,0
135.jpg,0
1351.jpg,1
1352.jpg,1
1357.jpg,0
1359.jpg,1
1360.jpg,0
1362.jpg,1
1364.jpg,1
1366.jpg,0
1377.jpg,1
1379.jpg,0
1380.jpg,0
1381.jpg,0
1382.jpg,0
1385.jpg,1
1391.jpg,1
1393.jpg,0
1395.jpg,1
1398.jpg,1
1403.jpg,0
1405.jpg,0
1406.jpg,1
1411.jpg,0
1414.jpg,0
1418.jpg,0
1423.jpg,1
1430.jpg,0
1436.jpg,0
1441.jpg,0
1444.jpg,0
1452.jpg,0
1454.jpg,1
1455.jpg,0
1456.jpg,1
1457.jpg,1
1459.jpg,0
1461.jpg,0
1463.jpg,1
1465.jpg,0
1466.jpg,1
1472.jpg,1
1475.jpg,0
1487.jpg,0
1488.jpg,0
1491.jpg,0
1499.jpg,0
1501.jpg,0
1502.jpg,1
1511.jpg,0
1513.jpg,0
1521.jpg,1
1523.jpg,0
1525.jpg,1
1530.jpg,0
1532.jpg,1
1535.jpg,1
1537.jpg,0
1538.jpg,1
1547.jpg,1
1552.jpg,1
1553.jpg,0
1557.jpg,1
1558.jpg,1
157.jpg,1
1577.jpg,1
1583.jpg,0
1584.jpg,0
1591.jpg,0
1594.jpg,0
1598.jpg,0
1602.jpg,1
1604.jpg,1
1605.jpg,0
1606.jpg,1
1607.jpg,0
1608.jpg,0
1609.jpg,1
1611.jpg,0
162.jpg,0
1621.jpg,0
163.jpg,1
1637.jpg,0
1639.jpg,1
1640.jpg,1
1644.jpg,1
1645.jpg,1
1646.jpg,0
1647.jpg,1
1651.jpg,0
1653.jpg,0
1655.jpg,0
1662.jpg,0
1665.jpg,1
1667.jpg,1
1668.jpg,0
1670.jpg,0
1673.jpg,0
168.jpg,1
1681.jpg,0
1690.jpg,0
1694.jpg,0
1697.jpg,0
1703.jpg,1
1706.jpg,1
1713.jpg,0
1714.jpg,0
1717.jpg,1
1719.jpg,1
1720.jpg,1
1724.jpg,0
1725.jpg,1
1728.jpg,0
1729.jpg,0
173.jpg,0
1732.jpg,0
1736.jpg,1
1737.jpg,1
174.jpg,1
1740.jpg,1
1743.jpg,1
1744.jpg,1
1745.jpg,1
1747.jpg,0
1750.jpg,0
1760.jpg,1
1767.jpg,1
177.jpg,1
1772.jpg,0
1776.jpg,0
1779.jpg,0
178.jpg,0
1780.jpg,1
1783.jpg,1
1789.jpg,0
179.jpg,1
1791.jpg,0
1795.jpg,0
1798.jpg,1
18.jpg,0
1805.jpg,1
1807.jpg,0
1811.jpg,0
1814.jpg,1
1817.jpg,0
1827.jpg,0
1828.jpg,0
1835.jpg,1
184.jpg,0
1842.jpg,1
1847.jpg,0
1848.jpg,1
185.jpg,0
1852.jpg,0
1861.jpg,0
1864.jpg,0
1868.jpg,0
1873.jpg,0
1875.jpg,0
1876.jpg,1
188.jpg,1
1883.jpg,1
1885.jpg,0
1886.jpg,0
1891.jpg,1
1894.jpg,0
1897.jpg,0
1900.jpg,0
1902.jpg,0
1904.jpg,0
1907.jpg,0
1910.jpg,1
1918.jpg,0
192.jpg,1
1924.jpg,0
1927.jpg,1
1928.jpg,1
1936.jpg,1
1940.jpg,0
1944.jpg,0
1945.jpg,1
1946.jpg,0
1947.jpg,0
1949.jpg,1
1950.jpg,1
1952.jpg,0
196.jpg,0
1960.jpg,1
1962.jpg,1
1963.jpg,1
1964.jpg,0
1965.jpg,1
1966.jpg,0
1967.jpg,0
1968.jpg,0
1970.jpg,0
1976.jpg,1
1979.jpg,0
198.jpg,1
1985.jpg,0
1987.jpg,0
1990.jpg,0
1993.jpg,0
20.jpg,0
2002.jpg,0
2007.jpg,0
2008.jpg,1
2010.jpg,0
2021.jpg,1
2023.jpg,0
203.jpg,0
2030.jpg,0
2033.jpg,1
2036.jpg,1
2037.jpg,1
2039.jpg,0
2040.jpg,1
2045.jpg,0
205.jpg,0
2051.jpg,0
2052.jpg,0
2059.jpg,0
2063.jpg,0
2066.jpg,1
207.jpg,0
2071.jpg,1
2073.jpg,0
2078.jpg,0
208.jpg,1
2082.jpg,0
2089.jpg,0
209.jpg,0
2091.jpg,1
2092.jpg,1
2097.jpg,0
2098.jpg,0
2099.jpg,0
210.jpg,0
2107.jpg,1
211.jpg,0
2111.jpg,0
2113.jpg,1
2117.jpg,0
2118.jpg,1
212.jpg,0
2126.jpg,1
2128.jpg,0
2129.jpg,1
2134.jpg,1
2140.jpg,0
2143.jpg,0
2144.jpg,0
2147.jpg,1
2152.jpg,1
2154.jpg,0
2155.jpg,1
2156.jpg,1
2158.jpg,0
2159.jpg,1
2162.jpg,0
2168.jpg,0
2174.jpg,0
2175.jpg,0
2176.jpg,1
2178.jpg,1
218.jpg,0
2181.jpg,0
2186.jpg,0
2189.jpg,0
219.jpg,0
2192.jpg,0
2194.jpg,1
2195.jpg,0
220.jpg,0
2201.jpg,0
2206.jpg,0
2208.jpg,1
221.jpg,0
2219.jpg,1
2225.jpg,1
2226.jpg,0
2227.jpg,1
2229.jpg,0
2230.jpg,0
2233.jpg,0
2243.jpg,1
2245.jpg,0
2247.jpg,0
2248.jpg,1
2254.jpg,0
2257.jpg,0
2259.jpg,0
226.jpg,0
2261.jpg,1
2262.jpg,0
2265.jpg,0
2266.jpg,1
2267.jpg,1
2270.jpg,0
2271.jpg,0
2272.jpg,1
2274.jpg,1
2275.jpg,1
2276.jpg,0
2277.jpg,0
2278.jpg,1
2282.jpg,1
2287.jpg,0
229.jpg,1
2293.jpg,1
2298.jpg,0
23.jpg,1
230.jpg,1
2309.jpg,0
231.jpg,0
2311.jpg,1
2312.jpg,0
2317.jpg,0
2318.jpg,1
233.jpg,1
2331.jpg,1
2335.jpg,0
2337.jpg,1
2338.jpg,0
2339.jpg,1
2343.jpg,0
2345.jpg,0
2349.jpg,0
237.jpg,1
239.jpg,0
240.jpg,1
247.jpg,0
25.jpg,0
251.jpg,0
252.jpg,0
254.jpg,1
256.jpg,1
259.jpg,0
270.jpg,0
275.jpg,1
277.jpg,0
279.jpg,1
281.jpg,1
282.jpg,0
283.jpg,0
286.jpg,1
289.jpg,0
29.jpg,0
290.jpg,1
291.jpg,1
296.jpg,0
297.jpg,1
298.jpg,0
299.jpg,0
303.jpg,0
305.jpg,0
306.jpg,0
307.jpg,0
308.jpg,1
311.jpg,1
316.jpg,1
32.jpg,0
321.jpg,1
324.jpg,0
332.jpg,1
342.jpg,0
350.jpg,1
351.jpg,0
353.jpg,1
354.jpg,0
360.jpg,1
361.jpg,1
366.jpg,0
367.jpg,1
368.jpg,1
374.jpg,0
377.jpg,1
380.jpg,0
381.jpg,0
382.jpg,0
383.jpg,0
387.jpg,1
402.jpg,0
406.jpg,0
407.jpg,0
408.jpg,1
409.jpg,0
410.jpg,0
411.jpg,0
414.jpg,1
416.jpg,0
420.jpg,0
422.jpg,0
423.jpg,0
426.jpg,1
427.jpg,0
429.jpg,0
430.jpg,0
432.jpg,0
433.jpg,0
435.jpg,1
438.jpg,0
44.jpg,0
440.jpg,0
445.jpg,1
447.jpg,1
450.jpg,0
457.jpg,0
458.jpg,0
461.jpg,1
463.jpg,0
464.jpg,0
471.jpg,1
472.jpg,0
478.jpg,0
479.jpg,0
48.jpg,1
480.jpg,0
482.jpg,1
483.jpg,0
485.jpg,1
486.jpg,0
49.jpg,0
494.jpg,0
495.jpg,1
506.jpg,1
507.jpg,0
508.jpg,0
509.jpg,0
51.jpg,0
511.jpg,1
514.jpg,0
519.jpg,1
522.jpg,0
527.jpg,0
528.jpg,0
529.jpg,0
530.jpg,0
532.jpg,0
535.jpg,1
538.jpg,0
543.jpg,0
544.jpg,1
548.jpg,1
552.jpg,0
554.jpg,0
555.jpg,1
557.jpg,1
56.jpg,1
561.jpg,1
564.jpg,0
565.jpg,0
571.jpg,0
575.jpg,0
581.jpg,0
582.jpg,1
585.jpg,1
59.jpg,1
590.jpg,0
596.jpg,0
598.jpg,0
599.jpg,0
602.jpg,1
605.jpg,1
610.jpg,0
611.jpg,1
613.jpg,0
617.jpg,1
618.jpg,0
620.jpg,1
621.jpg,1
629.jpg,1
63.jpg,0
630.jpg,0
632.jpg,1
636.jpg,0
637.jpg,1
642.jpg,1
643.jpg,0
647.jpg,0
649.jpg,0
65.jpg,0
650.jpg,0
651.jpg,1
668.jpg,1
67.jpg,0
670.jpg,0
672.jpg,0
674.jpg,1
677.jpg,1
678.jpg,1
679.jpg,0
685.jpg,0
686.jpg,1
69.jpg,1
693.jpg,0
694.jpg,0
695.jpg,0
70.jpg,1
700.jpg,1
705.jpg,1
707.jpg,0
71.jpg,1
715.jpg,1
719.jpg,1
727.jpg,1
729.jpg,0
73.jpg,0
733.jpg,0
742.jpg,0
746.jpg,1
756.jpg,0
759.jpg,0
76.jpg,0
765.jpg,1
767.jpg,1
78.jpg,1
782.jpg,1
785.jpg,1
786.jpg,1
787.jpg,0
788.jpg,0
792.jpg,1
798.jpg,1
8.jpg,0
800.jpg,1
807.jpg,0
808.jpg,0
809.jpg,1
810.jpg,0
817.jpg,1
819.jpg,0
821.jpg,1
829.jpg,0
83.jpg,1
831.jpg,0
834.jpg,0
836.jpg,0
838.jpg,1
84.jpg,1
840.jpg,1
841.jpg,0
845.jpg,0
849.jpg,1
855.jpg,0
857.jpg,0
859.jpg,0
861.jpg,0
862.jpg,0
867.jpg,0
869.jpg,1
87.jpg,0
873.jpg,0
874.jpg,0
879.jpg,1
881.jpg,0
886.jpg,0
888.jpg,1
889.jpg,0
892.jpg,1
900.jpg,0
903.jpg,0
906.jpg,1
915.jpg,1
916.jpg,0
923.jpg,0
925.jpg,0
926.jpg,1
927.jpg,0
929.jpg,0
930.jpg,1
931.jpg,1
932.jpg,1
937.jpg,0
944.jpg,1
948.jpg,1
949.jpg,1
952.jpg,1
96.jpg,0
961.jpg,1
963.jpg,0
964.jpg,0
965.jpg,1
973.jpg,1
976.jpg,0
979.jpg,0
981.jpg,1
986.jpg,0
99.jpg,1
990.jpg,1
998.jpg,0
